[
{
  "model": "admin.logentry",
  "pk": 1,
  "fields": {
    "action_time": "2022-01-21T08:06:04.826Z",
    "user": 1,
    "content_type": 8,
    "object_id": "1",
    "object_repr": "1. New",
    "action_flag": 1,
    "change_message": "[{\"added\": {}}]"
  }
},
{
  "model": "admin.logentry",
  "pk": 2,
  "fields": {
    "action_time": "2022-01-21T08:06:19.185Z",
    "user": 1,
    "content_type": 8,
    "object_id": "2",
    "object_repr": "2. In progress",
    "action_flag": 1,
    "change_message": "[{\"added\": {}}]"
  }
},
{
  "model": "admin.logentry",
  "pk": 3,
  "fields": {
    "action_time": "2022-01-21T08:06:26.267Z",
    "user": 1,
    "content_type": 8,
    "object_id": "3",
    "object_repr": "3. Done",
    "action_flag": 1,
    "change_message": "[{\"added\": {}}]"
  }
},
{
  "model": "admin.logentry",
  "pk": 4,
  "fields": {
    "action_time": "2022-01-21T08:06:48.387Z",
    "user": 1,
    "content_type": 7,
    "object_id": "1",
    "object_repr": "1. Task",
    "action_flag": 1,
    "change_message": "[{\"added\": {}}]"
  }
},
{
  "model": "admin.logentry",
  "pk": 5,
  "fields": {
    "action_time": "2022-01-21T08:07:04.270Z",
    "user": 1,
    "content_type": 7,
    "object_id": "2",
    "object_repr": "2. Bug",
    "action_flag": 1,
    "change_message": "[{\"added\": {}}]"
  }
},
{
  "model": "admin.logentry",
  "pk": 6,
  "fields": {
    "action_time": "2022-01-21T08:07:09.106Z",
    "user": 1,
    "content_type": 7,
    "object_id": "3",
    "object_repr": "3. Enhancement",
    "action_flag": 1,
    "change_message": "[{\"added\": {}}]"
  }
},
{
  "model": "admin.logentry",
  "pk": 7,
  "fields": {
    "action_time": "2022-01-21T08:08:56.867Z",
    "user": 1,
    "content_type": 9,
    "object_id": "1",
    "object_repr": "1. Do homework",
    "action_flag": 1,
    "change_message": "[{\"added\": {}}]"
  }
},
{
  "model": "admin.logentry",
  "pk": 8,
  "fields": {
    "action_time": "2022-01-21T08:09:56.939Z",
    "user": 1,
    "content_type": 9,
    "object_id": "2",
    "object_repr": "2. Fix bug",
    "action_flag": 1,
    "change_message": "[{\"added\": {}}]"
  }
},
{
  "model": "admin.logentry",
  "pk": 9,
  "fields": {
    "action_time": "2022-01-21T08:11:36.379Z",
    "user": 1,
    "content_type": 9,
    "object_id": "3",
    "object_repr": "3. Improving the interface",
    "action_flag": 1,
    "change_message": "[{\"added\": {}}]"
  }
},
{
  "model": "admin.logentry",
  "pk": 10,
  "fields": {
    "action_time": "2022-01-21T08:12:23.688Z",
    "user": 1,
    "content_type": 9,
    "object_id": "4",
    "object_repr": "4. Create the project",
    "action_flag": 1,
    "change_message": "[{\"added\": {}}]"
  }
},
{
  "model": "admin.logentry",
  "pk": 11,
  "fields": {
    "action_time": "2022-01-21T08:14:05.490Z",
    "user": 1,
    "content_type": 9,
    "object_id": "5",
    "object_repr": "5. Design Database",
    "action_flag": 1,
    "change_message": "[{\"added\": {}}]"
  }
},
{
  "model": "admin.logentry",
  "pk": 12,
  "fields": {
    "action_time": "2022-01-21T08:17:08.894Z",
    "user": 1,
    "content_type": 9,
    "object_id": "6",
    "object_repr": "6. Reformat code",
    "action_flag": 1,
    "change_message": "[{\"added\": {}}]"
  }
},
{
  "model": "admin.logentry",
  "pk": 13,
  "fields": {
    "action_time": "2022-01-25T11:40:02.468Z",
    "user": 1,
    "content_type": 9,
    "object_id": "1",
    "object_repr": "1. Do homework",
    "action_flag": 2,
    "change_message": "[{\"changed\": {\"fields\": [\"Type\"]}}]"
  }
},
{
  "model": "admin.logentry",
  "pk": 14,
  "fields": {
    "action_time": "2022-01-25T11:40:21.019Z",
    "user": 1,
    "content_type": 9,
    "object_id": "2",
    "object_repr": "2. Fix bug",
    "action_flag": 2,
    "change_message": "[{\"changed\": {\"fields\": [\"Type\"]}}]"
  }
},
{
  "model": "admin.logentry",
  "pk": 15,
  "fields": {
    "action_time": "2022-01-25T11:40:32.554Z",
    "user": 1,
    "content_type": 9,
    "object_id": "3",
    "object_repr": "3. Improving the interface",
    "action_flag": 2,
    "change_message": "[{\"changed\": {\"fields\": [\"Type\"]}}]"
  }
},
{
  "model": "admin.logentry",
  "pk": 16,
  "fields": {
    "action_time": "2022-01-25T11:40:47.357Z",
    "user": 1,
    "content_type": 9,
    "object_id": "4",
    "object_repr": "4. Create the project",
    "action_flag": 2,
    "change_message": "[{\"changed\": {\"fields\": [\"Type\"]}}]"
  }
},
{
  "model": "admin.logentry",
  "pk": 17,
  "fields": {
    "action_time": "2022-01-25T11:40:55.336Z",
    "user": 1,
    "content_type": 9,
    "object_id": "5",
    "object_repr": "5. Design Database",
    "action_flag": 2,
    "change_message": "[{\"changed\": {\"fields\": [\"Type\"]}}]"
  }
},
{
  "model": "admin.logentry",
  "pk": 18,
  "fields": {
    "action_time": "2022-01-25T11:41:06.116Z",
    "user": 1,
    "content_type": 9,
    "object_id": "6",
    "object_repr": "6. Reformat code",
    "action_flag": 2,
    "change_message": "[{\"changed\": {\"fields\": [\"Type\"]}}]"
  }
},
{
  "model": "admin.logentry",
  "pk": 19,
  "fields": {
    "action_time": "2022-01-25T11:42:12.233Z",
    "user": 1,
    "content_type": 9,
    "object_id": "12",
    "object_repr": "12. test",
    "action_flag": 3,
    "change_message": ""
  }
},
{
  "model": "admin.logentry",
  "pk": 20,
  "fields": {
    "action_time": "2022-01-25T11:42:12.339Z",
    "user": 1,
    "content_type": 9,
    "object_id": "9",
    "object_repr": "9. test2",
    "action_flag": 3,
    "change_message": ""
  }
},
{
  "model": "admin.logentry",
  "pk": 21,
  "fields": {
    "action_time": "2022-01-25T11:42:12.417Z",
    "user": 1,
    "content_type": 9,
    "object_id": "8",
    "object_repr": "8. test1",
    "action_flag": 3,
    "change_message": ""
  }
},
{
  "model": "admin.logentry",
  "pk": 22,
  "fields": {
    "action_time": "2022-01-25T11:42:12.506Z",
    "user": 1,
    "content_type": 9,
    "object_id": "7",
    "object_repr": "7. test1",
    "action_flag": 3,
    "change_message": ""
  }
},
{
  "model": "admin.logentry",
  "pk": 23,
  "fields": {
    "action_time": "2022-02-25T07:18:33.588Z",
    "user": 1,
    "content_type": 4,
    "object_id": "4",
    "object_repr": "admin12",
    "action_flag": 3,
    "change_message": ""
  }
},
{
  "model": "admin.logentry",
  "pk": 24,
  "fields": {
    "action_time": "2022-02-25T07:18:33.705Z",
    "user": 1,
    "content_type": 4,
    "object_id": "3",
    "object_repr": "admin123",
    "action_flag": 3,
    "change_message": ""
  }
},
{
  "model": "admin.logentry",
  "pk": 25,
  "fields": {
    "action_time": "2022-02-25T07:21:12.890Z",
    "user": 1,
    "content_type": 3,
    "object_id": "1",
    "object_repr": "project manager",
    "action_flag": 1,
    "change_message": "[{\"added\": {}}]"
  }
},
{
  "model": "admin.logentry",
  "pk": 26,
  "fields": {
    "action_time": "2022-02-25T07:22:42.471Z",
    "user": 1,
    "content_type": 3,
    "object_id": "2",
    "object_repr": "team lead",
    "action_flag": 1,
    "change_message": "[{\"added\": {}}]"
  }
},
{
  "model": "admin.logentry",
  "pk": 27,
  "fields": {
    "action_time": "2022-02-25T07:23:51.075Z",
    "user": 1,
    "content_type": 3,
    "object_id": "3",
    "object_repr": "developer",
    "action_flag": 1,
    "change_message": "[{\"added\": {}}]"
  }
},
{
  "model": "admin.logentry",
  "pk": 28,
  "fields": {
    "action_time": "2022-02-25T07:45:50.664Z",
    "user": 1,
    "content_type": 4,
    "object_id": "5",
    "object_repr": "manager",
    "action_flag": 2,
    "change_message": "[{\"changed\": {\"fields\": [\"Groups\"]}}]"
  }
},
{
  "model": "admin.logentry",
  "pk": 29,
  "fields": {
    "action_time": "2022-02-25T08:02:28.740Z",
    "user": 1,
    "content_type": 4,
    "object_id": "6",
    "object_repr": "lead",
    "action_flag": 2,
    "change_message": "[{\"changed\": {\"fields\": [\"Groups\"]}}]"
  }
},
{
  "model": "admin.logentry",
  "pk": 30,
  "fields": {
    "action_time": "2022-02-25T08:02:37.730Z",
    "user": 1,
    "content_type": 4,
    "object_id": "7",
    "object_repr": "dev",
    "action_flag": 2,
    "change_message": "[{\"changed\": {\"fields\": [\"Groups\"]}}]"
  }
},
{
  "model": "admin.logentry",
  "pk": 31,
  "fields": {
    "action_time": "2022-02-25T08:20:40.676Z",
    "user": 1,
    "content_type": 10,
    "object_id": "1",
    "object_repr": "1. My project",
    "action_flag": 2,
    "change_message": "[{\"changed\": {\"fields\": [\"Users\"]}}]"
  }
},
{
  "model": "admin.logentry",
  "pk": 32,
  "fields": {
    "action_time": "2022-02-25T08:20:45.728Z",
    "user": 1,
    "content_type": 10,
    "object_id": "2",
    "object_repr": "2. Second project",
    "action_flag": 2,
    "change_message": "[{\"changed\": {\"fields\": [\"Users\"]}}]"
  }
},
{
  "model": "admin.logentry",
  "pk": 33,
  "fields": {
    "action_time": "2022-02-25T08:20:50.803Z",
    "user": 1,
    "content_type": 10,
    "object_id": "3",
    "object_repr": "3. Third project",
    "action_flag": 2,
    "change_message": "[{\"changed\": {\"fields\": [\"Users\"]}}]"
  }
},
{
  "model": "admin.logentry",
  "pk": 34,
  "fields": {
    "action_time": "2022-02-25T08:20:57.986Z",
    "user": 1,
    "content_type": 10,
    "object_id": "4",
    "object_repr": "4. Test project",
    "action_flag": 2,
    "change_message": "[{\"changed\": {\"fields\": [\"Users\"]}}]"
  }
},
{
  "model": "admin.logentry",
  "pk": 35,
  "fields": {
    "action_time": "2022-02-25T08:21:04.339Z",
    "user": 1,
    "content_type": 10,
    "object_id": "6",
    "object_repr": "6. test project",
    "action_flag": 2,
    "change_message": "[{\"changed\": {\"fields\": [\"Users\"]}}]"
  }
},
{
  "model": "admin.logentry",
  "pk": 36,
  "fields": {
    "action_time": "2022-03-01T04:37:27.919Z",
    "user": 1,
    "content_type": 4,
    "object_id": "8",
    "object_repr": "user",
    "action_flag": 2,
    "change_message": "[{\"added\": {\"name\": \"Profile\", \"object\": \"user's Profile\"}}]"
  }
},
{
  "model": "admin.logentry",
  "pk": 37,
  "fields": {
    "action_time": "2022-03-01T07:27:49.335Z",
    "user": 1,
    "content_type": 4,
    "object_id": "7",
    "object_repr": "dev",
    "action_flag": 2,
    "change_message": "[{\"added\": {\"name\": \"Profile\", \"object\": \"dev's Profile\"}}]"
  }
},
{
  "model": "admin.logentry",
  "pk": 38,
  "fields": {
    "action_time": "2022-03-01T07:31:02.898Z",
    "user": 1,
    "content_type": 4,
    "object_id": "6",
    "object_repr": "lead",
    "action_flag": 2,
    "change_message": "[{\"added\": {\"name\": \"Profile\", \"object\": \"lead's Profile\"}}]"
  }
},
{
  "model": "admin.logentry",
  "pk": 39,
  "fields": {
    "action_time": "2022-03-01T07:32:08.335Z",
    "user": 1,
    "content_type": 4,
    "object_id": "5",
    "object_repr": "manager",
    "action_flag": 2,
    "change_message": "[{\"added\": {\"name\": \"Profile\", \"object\": \"manager's Profile\"}}]"
  }
},
{
  "model": "admin.logentry",
  "pk": 40,
  "fields": {
    "action_time": "2022-03-01T11:12:26.939Z",
    "user": 1,
    "content_type": 4,
    "object_id": "5",
    "object_repr": "manager",
    "action_flag": 2,
    "change_message": "[{\"changed\": {\"fields\": [\"User permissions\"]}}]"
  }
},
{
  "model": "admin.logentry",
  "pk": 41,
  "fields": {
    "action_time": "2022-03-01T11:16:58.033Z",
    "user": 1,
    "content_type": 4,
    "object_id": "5",
    "object_repr": "manager",
    "action_flag": 2,
    "change_message": "[{\"changed\": {\"fields\": [\"User permissions\"]}}]"
  }
},
{
  "model": "admin.logentry",
  "pk": 42,
  "fields": {
    "action_time": "2022-03-01T11:17:10.453Z",
    "user": 1,
    "content_type": 3,
    "object_id": "1",
    "object_repr": "project manager",
    "action_flag": 2,
    "change_message": "[{\"changed\": {\"fields\": [\"Permissions\"]}}]"
  }
},
{
  "model": "admin.logentry",
  "pk": 43,
  "fields": {
    "action_time": "2022-03-01T11:17:21.777Z",
    "user": 1,
    "content_type": 3,
    "object_id": "2",
    "object_repr": "team lead",
    "action_flag": 2,
    "change_message": "[{\"changed\": {\"fields\": [\"Permissions\"]}}]"
  }
},
{
  "model": "admin.logentry",
  "pk": 44,
  "fields": {
    "action_time": "2022-03-01T11:19:08.126Z",
    "user": 1,
    "content_type": 4,
    "object_id": "5",
    "object_repr": "manager",
    "action_flag": 2,
    "change_message": "[{\"changed\": {\"fields\": [\"First name\", \"Last name\"]}}]"
  }
},
{
  "model": "admin.logentry",
  "pk": 45,
  "fields": {
    "action_time": "2022-03-01T11:19:39.213Z",
    "user": 1,
    "content_type": 4,
    "object_id": "6",
    "object_repr": "lead",
    "action_flag": 2,
    "change_message": "[{\"changed\": {\"fields\": [\"First name\", \"Last name\"]}}]"
  }
},
{
  "model": "admin.logentry",
  "pk": 46,
  "fields": {
    "action_time": "2022-03-01T11:20:19.100Z",
    "user": 1,
    "content_type": 4,
    "object_id": "7",
    "object_repr": "dev",
    "action_flag": 2,
    "change_message": "[{\"changed\": {\"fields\": [\"First name\", \"Last name\"]}}]"
  }
},
{
  "model": "admin.logentry",
  "pk": 47,
  "fields": {
    "action_time": "2022-03-01T11:21:17.838Z",
    "user": 1,
    "content_type": 4,
    "object_id": "8",
    "object_repr": "user",
    "action_flag": 2,
    "change_message": "[{\"changed\": {\"fields\": [\"First name\", \"Last name\"]}}]"
  }
},
{
  "model": "auth.permission",
  "pk": 1,
  "fields": {
    "name": "Can add log entry",
    "content_type": 1,
    "codename": "add_logentry"
  }
},
{
  "model": "auth.permission",
  "pk": 2,
  "fields": {
    "name": "Can change log entry",
    "content_type": 1,
    "codename": "change_logentry"
  }
},
{
  "model": "auth.permission",
  "pk": 3,
  "fields": {
    "name": "Can delete log entry",
    "content_type": 1,
    "codename": "delete_logentry"
  }
},
{
  "model": "auth.permission",
  "pk": 4,
  "fields": {
    "name": "Can view log entry",
    "content_type": 1,
    "codename": "view_logentry"
  }
},
{
  "model": "auth.permission",
  "pk": 5,
  "fields": {
    "name": "Can add permission",
    "content_type": 2,
    "codename": "add_permission"
  }
},
{
  "model": "auth.permission",
  "pk": 6,
  "fields": {
    "name": "Can change permission",
    "content_type": 2,
    "codename": "change_permission"
  }
},
{
  "model": "auth.permission",
  "pk": 7,
  "fields": {
    "name": "Can delete permission",
    "content_type": 2,
    "codename": "delete_permission"
  }
},
{
  "model": "auth.permission",
  "pk": 8,
  "fields": {
    "name": "Can view permission",
    "content_type": 2,
    "codename": "view_permission"
  }
},
{
  "model": "auth.permission",
  "pk": 9,
  "fields": {
    "name": "Can add group",
    "content_type": 3,
    "codename": "add_group"
  }
},
{
  "model": "auth.permission",
  "pk": 10,
  "fields": {
    "name": "Can change group",
    "content_type": 3,
    "codename": "change_group"
  }
},
{
  "model": "auth.permission",
  "pk": 11,
  "fields": {
    "name": "Can delete group",
    "content_type": 3,
    "codename": "delete_group"
  }
},
{
  "model": "auth.permission",
  "pk": 12,
  "fields": {
    "name": "Can view group",
    "content_type": 3,
    "codename": "view_group"
  }
},
{
  "model": "auth.permission",
  "pk": 13,
  "fields": {
    "name": "Can add user",
    "content_type": 4,
    "codename": "add_user"
  }
},
{
  "model": "auth.permission",
  "pk": 14,
  "fields": {
    "name": "Can change user",
    "content_type": 4,
    "codename": "change_user"
  }
},
{
  "model": "auth.permission",
  "pk": 15,
  "fields": {
    "name": "Can delete user",
    "content_type": 4,
    "codename": "delete_user"
  }
},
{
  "model": "auth.permission",
  "pk": 16,
  "fields": {
    "name": "Can view user",
    "content_type": 4,
    "codename": "view_user"
  }
},
{
  "model": "auth.permission",
  "pk": 17,
  "fields": {
    "name": "Can add content type",
    "content_type": 5,
    "codename": "add_contenttype"
  }
},
{
  "model": "auth.permission",
  "pk": 18,
  "fields": {
    "name": "Can change content type",
    "content_type": 5,
    "codename": "change_contenttype"
  }
},
{
  "model": "auth.permission",
  "pk": 19,
  "fields": {
    "name": "Can delete content type",
    "content_type": 5,
    "codename": "delete_contenttype"
  }
},
{
  "model": "auth.permission",
  "pk": 20,
  "fields": {
    "name": "Can view content type",
    "content_type": 5,
    "codename": "view_contenttype"
  }
},
{
  "model": "auth.permission",
  "pk": 21,
  "fields": {
    "name": "Can add session",
    "content_type": 6,
    "codename": "add_session"
  }
},
{
  "model": "auth.permission",
  "pk": 22,
  "fields": {
    "name": "Can change session",
    "content_type": 6,
    "codename": "change_session"
  }
},
{
  "model": "auth.permission",
  "pk": 23,
  "fields": {
    "name": "Can delete session",
    "content_type": 6,
    "codename": "delete_session"
  }
},
{
  "model": "auth.permission",
  "pk": 24,
  "fields": {
    "name": "Can view session",
    "content_type": 6,
    "codename": "view_session"
  }
},
{
  "model": "auth.permission",
  "pk": 25,
  "fields": {
    "name": "Can add type",
    "content_type": 7,
    "codename": "add_type"
  }
},
{
  "model": "auth.permission",
  "pk": 26,
  "fields": {
    "name": "Can change type",
    "content_type": 7,
    "codename": "change_type"
  }
},
{
  "model": "auth.permission",
  "pk": 27,
  "fields": {
    "name": "Can delete type",
    "content_type": 7,
    "codename": "delete_type"
  }
},
{
  "model": "auth.permission",
  "pk": 28,
  "fields": {
    "name": "Can view type",
    "content_type": 7,
    "codename": "view_type"
  }
},
{
  "model": "auth.permission",
  "pk": 29,
  "fields": {
    "name": "Can add status",
    "content_type": 8,
    "codename": "add_status"
  }
},
{
  "model": "auth.permission",
  "pk": 30,
  "fields": {
    "name": "Can change status",
    "content_type": 8,
    "codename": "change_status"
  }
},
{
  "model": "auth.permission",
  "pk": 31,
  "fields": {
    "name": "Can delete status",
    "content_type": 8,
    "codename": "delete_status"
  }
},
{
  "model": "auth.permission",
  "pk": 32,
  "fields": {
    "name": "Can view status",
    "content_type": 8,
    "codename": "view_status"
  }
},
{
  "model": "auth.permission",
  "pk": 33,
  "fields": {
    "name": "Can add issue",
    "content_type": 9,
    "codename": "add_issue"
  }
},
{
  "model": "auth.permission",
  "pk": 34,
  "fields": {
    "name": "Can change issue",
    "content_type": 9,
    "codename": "change_issue"
  }
},
{
  "model": "auth.permission",
  "pk": 35,
  "fields": {
    "name": "Can delete issue",
    "content_type": 9,
    "codename": "delete_issue"
  }
},
{
  "model": "auth.permission",
  "pk": 36,
  "fields": {
    "name": "Can view issue",
    "content_type": 9,
    "codename": "view_issue"
  }
},
{
  "model": "auth.permission",
  "pk": 37,
  "fields": {
    "name": "Can add project",
    "content_type": 10,
    "codename": "add_project"
  }
},
{
  "model": "auth.permission",
  "pk": 38,
  "fields": {
    "name": "Can change project",
    "content_type": 10,
    "codename": "change_project"
  }
},
{
  "model": "auth.permission",
  "pk": 39,
  "fields": {
    "name": "Can delete project",
    "content_type": 10,
    "codename": "delete_project"
  }
},
{
  "model": "auth.permission",
  "pk": 40,
  "fields": {
    "name": "Can view project",
    "content_type": 10,
    "codename": "view_project"
  }
},
{
  "model": "auth.permission",
  "pk": 41,
  "fields": {
    "name": "Can change users of a project",
    "content_type": 10,
    "codename": "change_project_users"
  }
},
{
  "model": "auth.permission",
  "pk": 42,
  "fields": {
    "name": "Can add Profile",
    "content_type": 11,
    "codename": "add_profile"
  }
},
{
  "model": "auth.permission",
  "pk": 43,
  "fields": {
    "name": "Can change Profile",
    "content_type": 11,
    "codename": "change_profile"
  }
},
{
  "model": "auth.permission",
  "pk": 44,
  "fields": {
    "name": "Can delete Profile",
    "content_type": 11,
    "codename": "delete_profile"
  }
},
{
  "model": "auth.permission",
  "pk": 45,
  "fields": {
    "name": "Can view Profile",
    "content_type": 11,
    "codename": "view_profile"
  }
},
{
  "model": "auth.group",
  "pk": 1,
  "fields": {
    "name": "project manager",
    "permissions": [
      16,
      33,
      34,
      35,
      36,
      37,
      38,
      41,
      39,
      40
    ]
  }
},
{
  "model": "auth.group",
  "pk": 2,
  "fields": {
    "name": "team lead",
    "permissions": [
      16,
      33,
      34,
      35,
      36,
      41
    ]
  }
},
{
  "model": "auth.group",
  "pk": 3,
  "fields": {
    "name": "developer",
    "permissions": [
      33,
      34
    ]
  }
},
{
  "model": "auth.user",
  "pk": 1,
  "fields": {
    "password": "pbkdf2_sha256$260000$hcZnssb5P0BusPhy0k4eO1$kjPJm6hM2xaWCa6Ljb2GTKtzADxOnvjrc8WGzP1j2QQ=",
    "last_login": "2022-03-01T11:18:47.503Z",
    "is_superuser": true,
    "username": "admin",
    "first_name": "admin",
    "last_name": "admin",
    "email": "",
    "is_staff": true,
    "is_active": true,
    "date_joined": "2022-01-21T07:31:18.027Z",
    "groups": [],
    "user_permissions": []
  }
},
{
  "model": "auth.user",
  "pk": 5,
  "fields": {
    "password": "pbkdf2_sha256$260000$l0IZeOt84h2qdIuWLHh6hV$aNVjbUJdJn5BG/03nwDa2CPOzibKxMvfteuQdRkaJPQ=",
    "last_login": "2022-03-01T12:34:18.356Z",
    "is_superuser": false,
    "username": "manager",
    "first_name": "John",
    "last_name": "Doe",
    "email": "manager@m.com",
    "is_staff": false,
    "is_active": true,
    "date_joined": "2022-02-25T07:44:15Z",
    "groups": [
      1
    ],
    "user_permissions": []
  }
},
{
  "model": "auth.user",
  "pk": 6,
  "fields": {
    "password": "pbkdf2_sha256$260000$yQvkLA2TVbKDj0JGdaE6WH$BZhyl3MmNwBK7IA3AGShiYJ1ZszPXdDDK7vjX4xZ9kw=",
    "last_login": "2022-03-01T11:31:01.721Z",
    "is_superuser": false,
    "username": "lead",
    "first_name": "Ben",
    "last_name": "Jones",
    "email": "lead@l.com",
    "is_staff": false,
    "is_active": true,
    "date_joined": "2022-02-25T07:58:29Z",
    "groups": [
      2
    ],
    "user_permissions": []
  }
},
{
  "model": "auth.user",
  "pk": 7,
  "fields": {
    "password": "pbkdf2_sha256$260000$3spUx3WJfSEAN9npXF0LIA$t/HzSMwrYCwoDOn/OneZkYBymV/Ux3Op76dDvcA/aCs=",
    "last_login": "2022-03-01T11:29:00.058Z",
    "is_superuser": false,
    "username": "dev",
    "first_name": "Mark",
    "last_name": "Gates",
    "email": "dev@d.com",
    "is_staff": false,
    "is_active": true,
    "date_joined": "2022-02-25T07:59:07Z",
    "groups": [
      3
    ],
    "user_permissions": []
  }
},
{
  "model": "auth.user",
  "pk": 8,
  "fields": {
    "password": "pbkdf2_sha256$260000$YKaLVYUN7hKTm6rFyHigQn$dPgURdS2Ph1u8cKRG6MTyQM6WdN9MHob4/je3pfgH8k=",
    "last_login": "2022-03-01T07:32:26Z",
    "is_superuser": false,
    "username": "user",
    "first_name": "James",
    "last_name": "Bredly",
    "email": "user@mail.com",
    "is_staff": false,
    "is_active": true,
    "date_joined": "2022-03-01T04:36:05Z",
    "groups": [],
    "user_permissions": []
  }
},
{
  "model": "contenttypes.contenttype",
  "pk": 1,
  "fields": {
    "app_label": "admin",
    "model": "logentry"
  }
},
{
  "model": "contenttypes.contenttype",
  "pk": 2,
  "fields": {
    "app_label": "auth",
    "model": "permission"
  }
},
{
  "model": "contenttypes.contenttype",
  "pk": 3,
  "fields": {
    "app_label": "auth",
    "model": "group"
  }
},
{
  "model": "contenttypes.contenttype",
  "pk": 4,
  "fields": {
    "app_label": "auth",
    "model": "user"
  }
},
{
  "model": "contenttypes.contenttype",
  "pk": 5,
  "fields": {
    "app_label": "contenttypes",
    "model": "contenttype"
  }
},
{
  "model": "contenttypes.contenttype",
  "pk": 6,
  "fields": {
    "app_label": "sessions",
    "model": "session"
  }
},
{
  "model": "contenttypes.contenttype",
  "pk": 7,
  "fields": {
    "app_label": "issue_tracker",
    "model": "type"
  }
},
{
  "model": "contenttypes.contenttype",
  "pk": 8,
  "fields": {
    "app_label": "issue_tracker",
    "model": "status"
  }
},
{
  "model": "contenttypes.contenttype",
  "pk": 9,
  "fields": {
    "app_label": "issue_tracker",
    "model": "issue"
  }
},
{
  "model": "contenttypes.contenttype",
  "pk": 10,
  "fields": {
    "app_label": "issue_tracker",
    "model": "project"
  }
},
{
  "model": "contenttypes.contenttype",
  "pk": 11,
  "fields": {
    "app_label": "accounts",
    "model": "profile"
  }
},
{
  "model": "sessions.session",
  "pk": "01p6s2oaqvd9mtykkjidxtxf5fjfq93v",
  "fields": {
    "session_data": "e30:1nMQjE:VmaCMj56Q8jY5RaD4QTK1s7uE3WiYnMjq9JXH8CnaG8",
    "expire_date": "2022-03-08T08:41:00.074Z"
  }
},
{
  "model": "sessions.session",
  "pk": "9tiq3w8598d9i8iq2y86dojo767xqx6t",
  "fields": {
    "session_data": ".eJxVjEEOwiAQRe_C2hAHChSX7nsGMswMUjVtUtqV8e7apAvd_vfef6mE21rT1mRJI6uLAnX63TLSQ6Yd8B2n26xpntZlzHpX9EGbHmaW5_Vw_w4qtvqtKQBCiB15z9mIN04AfcnMxXZgoi3kGQ0HstG5rmewhggiAZ6lF6feH-53OCw:1nMUiJ:azYpZEYW3LfAsxK6mKi2cHYCm2SxceKF7s8aUJJFw-c",
    "expire_date": "2022-03-08T12:56:19.713Z"
  }
},
{
  "model": "sessions.session",
  "pk": "a3po1rsiuhdzolg868w9upunxkxgz3hl",
  "fields": {
    "session_data": ".eJxVjEEOwiAQRe_C2hA6HQh16d4zEJgZpGogKe3KeHdt0oVu_3vvv1SI21rC1mUJM6uzsur0u6VID6k74Hust6ap1XWZk94VfdCur43leTncv4MSe_nW3iNiRsKJB3TTCGIlG0rJQgIcxLnRowMhx0TWAkdAy27MBMkY8ur9AdF6N6E:1nP1hq:To5W28PHP0WmARcEv1s-cnm2oSXpPNM6uINEB-dN5uQ",
    "expire_date": "2022-03-15T12:34:18.444Z"
  }
},
{
  "model": "sessions.session",
  "pk": "ajxlousf2uwvwzhe0fc8jdw0bzd8ypt3",
  "fields": {
    "session_data": ".eJxVjEEOwiAQRe_C2hAHChSX7nsGMswMUjVtUtqV8e7apAvd_vfef6mE21rT1mRJI6uLAnX63TLSQ6Yd8B2n26xpntZlzHpX9EGbHmaW5_Vw_w4qtvqtKQBCiB15z9mIN04AfcnMxXZgoi3kGQ0HstG5rmewhggiAZ6lF6feH-53OCw:1nJvQl:PETNgG2KoE2JTcHczNPSAltatITEPeptYbkajS-qG9M",
    "expire_date": "2022-03-01T10:51:35.537Z"
  }
},
{
  "model": "sessions.session",
  "pk": "czylgko3wrnywt3zaoncmj69s7r54zdv",
  "fields": {
    "session_data": "e30:1nMQhA:GsAVYSk8PdHi1EqHoGhmjXTQibI8CfLYIcSCTN_kkPw",
    "expire_date": "2022-03-08T08:38:52.041Z"
  }
},
{
  "model": "sessions.session",
  "pk": "dvp3hbkqbee4d68askphfhe5de548ryv",
  "fields": {
    "session_data": ".eJxVjEEOwiAQRe_C2pBpoTC4dN8zEAYGqRqalHZlvLtt0oVu_3vvv4UP21r81njxUxJXgeLyu1GIT64HSI9Q77OMc12XieShyJM2Oc6JX7fT_TsooZW9JjRKJdOHnjmDdpYwK8fBDgTZIqLV7HBQqKljwB1xhC6DM9bkBCg-X94UN3U:1nOvWz:Rlae-gEQYP4ZFGijO0OFgQWtmrqqlw3EUoZVVCwPrWs",
    "expire_date": "2022-03-15T05:58:41.710Z"
  }
},
{
  "model": "sessions.session",
  "pk": "ertly4vsl5qeftrx6661mg0qdtngb8fb",
  "fields": {
    "session_data": ".eJxVjEEOwiAQRe_C2hAHChSX7nsGMswMUjVtUtqV8e7apAvd_vfef6mE21rT1mRJI6uLAnX63TLSQ6Yd8B2n26xpntZlzHpX9EGbHmaW5_Vw_w4qtvqtKQBCiB15z9mIN04AfcnMxXZgoi3kGQ0HstG5rmewhggiAZ6lF6feH-53OCw:1nL3Or:mEZxdyDjwGHE_wmeFJHjQBBGg_hxr46Y_yTTgoRCW5c",
    "expire_date": "2022-03-04T13:34:17.729Z"
  }
},
{
  "model": "sessions.session",
  "pk": "gaurs5zsyj62caw32jvxmxzoq0286qn3",
  "fields": {
    "session_data": "e30:1nMQfa:J9VLio-KDVHZAT50iXpDhLHslda9W-l8G-J5AIUuZYc",
    "expire_date": "2022-03-08T08:37:14.942Z"
  }
},
{
  "model": "sessions.session",
  "pk": "h9pzz5430zvzz7mnbwc9cyokq5b61ce6",
  "fields": {
    "session_data": "e30:1nMQiK:Unxk6F3nOodnTq3Wo17Z-nfbVMyh6KYnAjGn6bD-rQk",
    "expire_date": "2022-03-08T08:40:04.622Z"
  }
},
{
  "model": "sessions.session",
  "pk": "kops1mc8f89ztl4sgvuozl3no9nytt2n",
  "fields": {
    "session_data": ".eJxVjEEOwiAQRe_C2hAHChSX7nsGMswMUjVtUtqV8e7apAvd_vfef6mE21rT1mRJI6uLAnX63TLSQ6Yd8B2n26xpntZlzHpX9EGbHmaW5_Vw_w4qtvqtKQBCiB15z9mIN04AfcnMxXZgoi3kGQ0HstG5rmewhggiAZ6lF6feH-53OCw:1nL0su:7unGMbAlldopMRx3mwUhs6eqSgIhWe7VU817s8nrbGc",
    "expire_date": "2022-03-04T10:53:08.146Z"
  }
},
{
  "model": "sessions.session",
  "pk": "q8mgqvcnzz04bosv6jn7q9tkkbqq9kqk",
  "fields": {
    "session_data": ".eJxVjEEOwiAQRe_C2hAHChSX7nsGMswMUjVtUtqV8e7apAvd_vfef6mE21rT1mRJI6uLAnX63TLSQ6Yd8B2n26xpntZlzHpX9EGbHmaW5_Vw_w4qtvqtKQBCiB15z9mIN04AfcnMxXZgoi3kGQ0HstG5rmewhggiAZ6lF6feH-53OCw:1nHAPM:PWlFv6yLsV2XDlRcXYvz694w3uMZPfTOOYbqvNl7Fdw",
    "expire_date": "2022-02-21T20:14:44.820Z"
  }
},
{
  "model": "sessions.session",
  "pk": "rvuy7p8n3f9oz8vzd9qb8v5d60dqhc5l",
  "fields": {
    "session_data": "e30:1nMQc2:aC1hLiC1OKV7ot5KKI6UEjVEV_Ef4Ahe_MTugEu5xak",
    "expire_date": "2022-03-08T08:33:34.950Z"
  }
},
{
  "model": "sessions.session",
  "pk": "t5fjsrvcsp1uigxasi8n2eun510m1s8x",
  "fields": {
    "session_data": ".eJxVjEEOwiAQRe_C2hAHChSX7nsGMswMUjVtUtqV8e7apAvd_vfef6mE21rT1mRJI6uLAnX63TLSQ6Yd8B2n26xpntZlzHpX9EGbHmaW5_Vw_w4qtvqtKQBCiB15z9mIN04AfcnMxXZgoi3kGQ0HstG5rmewhggiAZ6lF6feH-53OCw:1nAov9:mEA4qbg2Cx_k9RRwevdMKDwebuhFw-zS0fHb3py9jT8",
    "expire_date": "2022-02-04T08:05:19.145Z"
  }
},
{
  "model": "sessions.session",
  "pk": "wx55xmj5wx1xnikd6matselwc9mozb97",
  "fields": {
    "session_data": "e30:1nMQdg:SrNHFXOyvrXqTt-EiXBCXXTzDhzpzFuRgR5UgzyfAFw",
    "expire_date": "2022-03-08T08:35:16.086Z"
  }
},
{
  "model": "issue_tracker.project",
  "pk": 1,
  "fields": {
    "is_deleted": false,
    "title": "My project",
    "description": "My first web market",
    "start_date": "2022-01-01",
    "end_date": null,
    "users": [
      5
    ]
  }
},
{
  "model": "issue_tracker.project",
  "pk": 2,
  "fields": {
    "is_deleted": false,
    "title": "Second project",
    "description": "My second project of my whole life",
    "start_date": "2022-02-10",
    "end_date": "2022-02-16",
    "users": [
      6
    ]
  }
},
{
  "model": "issue_tracker.project",
  "pk": 3,
  "fields": {
    "is_deleted": false,
    "title": "Third project",
    "description": "Third project description",
    "start_date": "2022-02-22",
    "end_date": "2022-02-24",
    "users": [
      7
    ]
  }
},
{
  "model": "issue_tracker.project",
  "pk": 7,
  "fields": {
    "is_deleted": false,
    "title": "test project 3",
    "description": "vlkngbljgn",
    "start_date": "2022-02-25",
    "end_date": "2022-02-25",
    "users": [
      6,
      7
    ]
  }
},
{
  "model": "issue_tracker.project",
  "pk": 8,
  "fields": {
    "is_deleted": false,
    "title": "Another project",
    "description": "Some descriptions of the project",
    "start_date": "2022-03-01",
    "end_date": "2022-03-02",
    "users": [
      5,
      6,
      7,
      8
    ]
  }
},
{
  "model": "issue_tracker.project",
  "pk": 9,
  "fields": {
    "is_deleted": false,
    "title": "Fourth project",
    "description": "Description of this project is too short",
    "start_date": "2022-03-01",
    "end_date": "2022-03-05",
    "users": [
      5,
      6,
      7,
      8
    ]
  }
},
{
  "model": "issue_tracker.project",
  "pk": 10,
  "fields": {
    "is_deleted": false,
    "title": "Fifth project",
    "description": "This is the fifth project",
    "start_date": "2022-02-28",
    "end_date": "2022-03-05",
    "users": [
      5,
      6,
      7,
      8
    ]
  }
},
{
  "model": "issue_tracker.issue",
  "pk": 2,
  "fields": {
    "is_deleted": false,
    "project": 1,
    "summary": "Fix bug",
    "description": "Bug successfully fixed",
    "status": 3,
    "created_at": "2022-01-21T08:09:56.937Z",
    "updated_at": "2022-02-07T20:12:06.871Z",
    "type": [
      2,
      3
    ]
  }
},
{
  "model": "issue_tracker.issue",
  "pk": 3,
  "fields": {
    "is_deleted": false,
    "project": 1,
    "summary": "Improving the interface",
    "description": "Improve HTML, CSS",
    "status": 1,
    "created_at": "2022-01-21T08:11:36.377Z",
    "updated_at": "2022-02-07T20:12:06.871Z",
    "type": [
      1,
      3
    ]
  }
},
{
  "model": "issue_tracker.issue",
  "pk": 4,
  "fields": {
    "is_deleted": false,
    "project": 1,
    "summary": "Create the project",
    "description": "Create a new project Django",
    "status": 3,
    "created_at": "2022-01-21T08:12:23.684Z",
    "updated_at": "2022-02-07T20:12:06.871Z",
    "type": [
      1
    ]
  }
},
{
  "model": "issue_tracker.issue",
  "pk": 5,
  "fields": {
    "is_deleted": false,
    "project": 1,
    "summary": "Design Database",
    "description": "Create and design project database",
    "status": 3,
    "created_at": "2022-01-21T08:14:05.425Z",
    "updated_at": "2022-02-07T20:12:06.872Z",
    "type": [
      2,
      3
    ]
  }
},
{
  "model": "issue_tracker.issue",
  "pk": 6,
  "fields": {
    "is_deleted": false,
    "project": 1,
    "summary": "Reformat code",
    "description": "Reformat code",
    "status": 3,
    "created_at": "2022-01-21T08:17:08.893Z",
    "updated_at": "2022-02-07T20:12:06.872Z",
    "type": [
      1,
      3
    ]
  }
},
{
  "model": "issue_tracker.issue",
  "pk": 13,
  "fields": {
    "is_deleted": false,
    "project": 1,
    "summary": "test",
    "description": "testvtesttest",
    "status": 2,
    "created_at": "2022-01-25T12:10:36.142Z",
    "updated_at": "2022-02-07T20:12:06.872Z",
    "type": [
      1,
      2,
      3
    ]
  }
},
{
  "model": "issue_tracker.issue",
  "pk": 14,
  "fields": {
    "is_deleted": false,
    "project": 1,
    "summary": "tdttd",
    "description": "dcfv",
    "status": 1,
    "created_at": "2022-01-28T10:23:05.767Z",
    "updated_at": "2022-02-07T20:12:06.873Z",
    "type": [
      2
    ]
  }
},
{
  "model": "issue_tracker.issue",
  "pk": 15,
  "fields": {
    "is_deleted": false,
    "project": 1,
    "summary": "sfvvvvvbggs",
    "description": "sfvdgbgsbdgb",
    "status": 2,
    "created_at": "2022-01-28T10:26:42.577Z",
    "updated_at": "2022-02-07T20:12:06.873Z",
    "type": [
      2,
      3
    ]
  }
},
{
  "model": "issue_tracker.issue",
  "pk": 16,
  "fields": {
    "is_deleted": false,
    "project": 1,
    "summary": "fvsfvsfv",
    "description": null,
    "status": 1,
    "created_at": "2022-01-28T10:36:12.339Z",
    "updated_at": "2022-02-07T20:12:06.874Z",
    "type": [
      1,
      2,
      3
    ]
  }
},
{
  "model": "issue_tracker.issue",
  "pk": 17,
  "fields": {
    "is_deleted": false,
    "project": 1,
    "summary": "Some issue 1",
    "description": "Some issue description 1 \r\nSome issue description 1",
    "status": 3,
    "created_at": "2022-02-01T08:24:57.109Z",
    "updated_at": "2022-02-07T20:12:06.874Z",
    "type": [
      1
    ]
  }
},
{
  "model": "issue_tracker.issue",
  "pk": 18,
  "fields": {
    "is_deleted": false,
    "project": 1,
    "summary": "Some issue 2",
    "description": "Some issue description 2\r\nSome issue description 2\r\nSome issue description 2",
    "status": 2,
    "created_at": "2022-02-01T08:25:43.562Z",
    "updated_at": "2022-02-07T20:12:06.874Z",
    "type": [
      2
    ]
  }
},
{
  "model": "issue_tracker.issue",
  "pk": 19,
  "fields": {
    "is_deleted": false,
    "project": 1,
    "summary": "Some issue 3",
    "description": "Some issue description 3\r\nSome issue description 3\r\nSome issue description 3\r\nSome issue description 3",
    "status": 2,
    "created_at": "2022-02-01T08:26:06.793Z",
    "updated_at": "2022-02-07T20:12:06.875Z",
    "type": [
      3
    ]
  }
},
{
  "model": "issue_tracker.issue",
  "pk": 20,
  "fields": {
    "is_deleted": false,
    "project": 1,
    "summary": "Some issue 4",
    "description": "Some issue description 4\r\nSome issue description 4\r\nSome issue description 4",
    "status": 1,
    "created_at": "2022-02-01T08:26:48.251Z",
    "updated_at": "2022-02-07T20:12:06.875Z",
    "type": [
      2,
      3
    ]
  }
},
{
  "model": "issue_tracker.issue",
  "pk": 21,
  "fields": {
    "is_deleted": false,
    "project": 1,
    "summary": "Some issue 5",
    "description": "Some issue description 5\r\nSome issue description 5\r\nSome issue description 5",
    "status": 2,
    "created_at": "2022-02-01T08:27:28.874Z",
    "updated_at": "2022-02-07T20:12:06.875Z",
    "type": [
      1,
      2
    ]
  }
},
{
  "model": "issue_tracker.issue",
  "pk": 22,
  "fields": {
    "is_deleted": false,
    "project": 1,
    "summary": "Some issue 6",
    "description": "Some issue 6",
    "status": 1,
    "created_at": "2022-02-01T12:17:00.066Z",
    "updated_at": "2022-02-07T20:12:06.876Z",
    "type": [
      2
    ]
  }
},
{
  "model": "issue_tracker.issue",
  "pk": 25,
  "fields": {
    "is_deleted": false,
    "project": 2,
    "summary": "Some issue 9",
    "description": "Some issue 9\r\nSome issue 9\r\nSome issue 999",
    "status": 2,
    "created_at": "2022-02-04T05:08:52.031Z",
    "updated_at": "2022-02-11T09:06:28.511Z",
    "type": [
      2,
      3
    ]
  }
},
{
  "model": "issue_tracker.issue",
  "pk": 33,
  "fields": {
    "is_deleted": false,
    "project": 2,
    "summary": "Some issue for PJ 2",
    "description": "sfcvfssfd",
    "status": 2,
    "created_at": "2022-02-18T10:26:34.945Z",
    "updated_at": "2022-02-18T10:26:45.172Z",
    "type": [
      1,
      2
    ]
  }
},
{
  "model": "issue_tracker.issue",
  "pk": 34,
  "fields": {
    "is_deleted": false,
    "project": 3,
    "summary": "Some issue for Third project",
    "description": "Some issue for Third project",
    "status": 3,
    "created_at": "2022-02-22T08:42:20.463Z",
    "updated_at": "2022-02-22T08:42:53.536Z",
    "type": [
      2,
      3
    ]
  }
},
{
  "model": "issue_tracker.issue",
  "pk": 38,
  "fields": {
    "is_deleted": false,
    "project": 3,
    "summary": "Admin issue",
    "description": "Some text",
    "status": 3,
    "created_at": "2022-02-25T10:20:20.708Z",
    "updated_at": "2022-02-25T10:47:00.176Z",
    "type": [
      2,
      3
    ]
  }
},
{
  "model": "issue_tracker.issue",
  "pk": 41,
  "fields": {
    "is_deleted": false,
    "project": 7,
    "summary": "some lead issue",
    "description": "some lead issue",
    "status": 3,
    "created_at": "2022-02-25T11:02:04.215Z",
    "updated_at": "2022-02-25T11:02:04.215Z",
    "type": []
  }
},
{
  "model": "issue_tracker.status",
  "pk": 1,
  "fields": {
    "is_deleted": false,
    "title": "New"
  }
},
{
  "model": "issue_tracker.status",
  "pk": 2,
  "fields": {
    "is_deleted": false,
    "title": "In progress"
  }
},
{
  "model": "issue_tracker.status",
  "pk": 3,
  "fields": {
    "is_deleted": false,
    "title": "Done"
  }
},
{
  "model": "issue_tracker.type",
  "pk": 1,
  "fields": {
    "is_deleted": false,
    "title": "Task"
  }
},
{
  "model": "issue_tracker.type",
  "pk": 2,
  "fields": {
    "is_deleted": false,
    "title": "Bug"
  }
},
{
  "model": "issue_tracker.type",
  "pk": 3,
  "fields": {
    "is_deleted": false,
    "title": "Enhancement"
  }
},
{
  "model": "accounts.profile",
  "pk": 1,
  "fields": {
    "user": 8,
    "avatar": "user_pics/user.png",
    "github_link": "https://git.attractor-school.com/irnazarov_bisen/homework_49",
    "about_info": "Some info about the user"
  }
},
{
  "model": "accounts.profile",
  "pk": 2,
  "fields": {
    "user": 7,
    "avatar": "user_pics/dev.png",
    "github_link": "https://git.attractor-school.com/irnazarov_bisen/homework_48",
    "about_info": "Some info about developer. Some info about developer. Some info about developer"
  }
},
{
  "model": "accounts.profile",
  "pk": 3,
  "fields": {
    "user": 6,
    "avatar": "user_pics/lead.png",
    "github_link": "https://git.attractor-school.com/irnazarov_bisen/homework_48",
    "about_info": "A team leader is a person who provides guidance, instruction, direction and leadership to a group of individuals (the team) for the purpose of achieving a key result or group of aligned results."
  }
},
{
  "model": "accounts.profile",
  "pk": 4,
  "fields": {
    "user": 5,
    "avatar": "user_pics/manager.png",
    "github_link": "https://git.attractor-school.com/irnazarov_bisen/homework_49",
    "about_info": "The product manager manages all of the white space around the product. Think of the product manager as connective tissue - they tackle everything that falls outside of the bounds of any of the three core groups."
  }
}
]
